{
  "species": "cobblemon:alakazam",
  "order": 1,
  "variations": [
    {
      "aspects": [
        "female"
      ],
      "poser": "cobblemon:alakazam2",
      "model": "cobblemon:alakazam_female.geo",
      "texture": "cobblemon:textures/pokemon/0065_alakazam/alakazam.png"
    },
    {
      "aspects": [
        "female","shiny"
      ],
      "poser": "cobblemon:alakazam2",
      "model": "cobblemon:alakazam2_female.geo",
      "texture": "cobblemon:textures/pokemon/0065_alakazam/alakazam_shiny.png"
    },
    {
      "aspects": ["mega"],
      "poser": "cobblemon:alakazam_mega",
      "model": "cobblemon:alakazam_mega.geo",
      "texture": "cobblemon:textures/pokemon/0065_alakazam/alakazam_mega.png",
      "layers": []
    },
    {
      "aspects": [ "mega", "shiny" ],
      "poser": "cobblemon:alakazam_mega",
      "model": "cobblemon:alakazam_mega.geo",
      "texture": "cobblemon:textures/pokemon/0065_alakazam/alakazam_mega_shiny.png"
    }
  ]
}