{
  "rootBone": "alakazam2",
  "portraitScale": 1.75,
  "portraitTranslation": [
    -0.25,
    0.85,
    0
  ],
  "profileScale": 0.73,
  "profileTranslation": [
    0,
    0.65,
    0
  ],
  "poses": {
    "standing": {
      "poseName": "standing",
      "poseTypes": [
        "STAND",
        "FLOAT",
        "HOVER",
        "PROFILE",
        "PORTRAIT"
      ],
      "animations": [
        "q.look('head')",
        "q.bedrock('alakazam2', 'ground_idle')"
      ],
      "transformTicks": 10,
      "quirks": [
        "q.bedrock_quirk('alakazam2', 'blink')"
      ]
    },
    "walk": {
      "poseName": "walk",
      "poseTypes": [
        "WALK",
        "SWIM",
        "FLY"
      ],
      "animations": [
        "q.look('head')",
        "q.bedrock('alakazam2', 'ground_idle')",
        "q.biped_walk(0.6, 0.9, 'left_upper_leg', 'right_upper_leg')",
        "q.bimanual_swing(0.6, 0.9, 'left_shoulder', 'right_shoulder')"
      ],
      "transformTicks": 10,
      "quirks": [
        "q.bedrock_quirk('alakazam2', 'blink')"
      ]
    }
  }
}