{"parent":"minecraft:item/generated","textures":{"layer0":"minecraft:item/emerald"},"overrides":[{"model": "cobblemonmegas:item/megaring", "predicate": {"custom_model_data": 80}}, {"model": "cobblemonmegas:item/megabracelet", "predicate": {"custom_model_data": 81}}, {"model": "cobblemonmegas:item/megacuff", "predicate": {"custom_model_data": 82}}, {"model": "cobblemonmegas:item/megacharm", "predicate": {"custom_model_data": 83}}, {"model": "cobblemonmegas:item/keystonesm", "predicate": {"custom_model_data": 84}}, {"model": "cobblemonmegas:item/keystonelg", "predicate": {"custom_model_data": 85}}, {"model": "cobblemonmegas:item/abomasite", "predicate": {"custom_model_data": 100}}, {"model": "cobblemonmegas:item/absolite", "predicate": {"custom_model_data": 101}}, {"model": "cobblemonmegas:item/aerodactylite", "predicate": {"custom_model_data": 102}}, {"model": "cobblemonmegas:item/aggronite", "predicate": {"custom_model_data": 103}}, {"model": "cobblemonmegas:item/alakazite", "predicate": {"custom_model_data": 104}}, {"model": "cobblemonmegas:item/altarianite", "predicate": {"custom_model_data": 105}}, {"model": "cobblemonmegas:item/ampharosite", "predicate": {"custom_model_data": 106}}, {"model": "cobblemonmegas:item/audinite", "predicate": {"custom_model_data": 107}}, {"model": "cobblemonmegas:item/banettite", "predicate": {"custom_model_data": 108}}, {"model": "cobblemonmegas:item/beedrillite", "predicate": {"custom_model_data": 109}}, {"model": "cobblemonmegas:item/blastoisinite", "predicate": {"custom_model_data": 110}}, {"model": "cobblemonmegas:item/blazikenite", "predicate": {"custom_model_data": 111}}, {"model": "cobblemonmegas:item/cameruptite", "predicate": {"custom_model_data": 112}}, {"model": "cobblemonmegas:item/charizardite-x", "predicate": {"custom_model_data": 113}}, {"model": "cobblemonmegas:item/charizardite-y", "predicate": {"custom_model_data": 114}}, {"model": "cobblemonmegas:item/diancite", "predicate": {"custom_model_data": 115}}, {"model": "cobblemonmegas:item/galladite", "predicate": {"custom_model_data": 116}}, {"model": "cobblemonmegas:item/garchompite", "predicate": {"custom_model_data": 117}}, {"model": "cobblemonmegas:item/gardevoirite", "predicate": {"custom_model_data": 118}}, {"model": "cobblemonmegas:item/gengarite", "predicate": {"custom_model_data": 119}}, {"model": "cobblemonmegas:item/glalitite", "predicate": {"custom_model_data": 120}}, {"model": "cobblemonmegas:item/gyaradosite", "predicate": {"custom_model_data": 121}}, {"model": "cobblemonmegas:item/heracronite", "predicate": {"custom_model_data": 122}}, {"model": "cobblemonmegas:item/houndoominite", "predicate": {"custom_model_data": 123}}, {"model": "cobblemonmegas:item/kangaskhanite", "predicate": {"custom_model_data": 124}}, {"model": "cobblemonmegas:item/latiasite", "predicate": {"custom_model_data": 125}}, {"model": "cobblemonmegas:item/latiosite", "predicate": {"custom_model_data": 126}}, {"model": "cobblemonmegas:item/lopunnite", "predicate": {"custom_model_data": 127}}, {"model": "cobblemonmegas:item/lucarionite", "predicate": {"custom_model_data": 128}}, {"model": "cobblemonmegas:item/manectite", "predicate": {"custom_model_data": 129}}, {"model": "cobblemonmegas:item/mawilite", "predicate": {"custom_model_data": 130}}, {"model": "cobblemonmegas:item/medichamite", "predicate": {"custom_model_data": 131}}, {"model": "cobblemonmegas:item/metagrossite", "predicate": {"custom_model_data": 132}}, {"model": "cobblemonmegas:item/mewtwonite-x", "predicate": {"custom_model_data": 133}}, {"model": "cobblemonmegas:item/mewtwonite-y", "predicate": {"custom_model_data": 134}}, {"model": "cobblemonmegas:item/pidgeotite", "predicate": {"custom_model_data": 135}}, {"model": "cobblemonmegas:item/pinsirite", "predicate": {"custom_model_data": 136}}, {"model": "cobblemonmegas:item/sablenite", "predicate": {"custom_model_data": 137}}, {"model": "cobblemonmegas:item/salamencite", "predicate": {"custom_model_data": 138}}, {"model": "cobblemonmegas:item/sceptilite", "predicate": {"custom_model_data": 139}}, {"model": "cobblemonmegas:item/scizorite", "predicate": {"custom_model_data": 140}}, {"model": "cobblemonmegas:item/sharpedonite", "predicate": {"custom_model_data": 141}}, {"model": "cobblemonmegas:item/slowbronite", "predicate": {"custom_model_data": 142}}, {"model": "cobblemonmegas:item/steelixite", "predicate": {"custom_model_data": 143}}, {"model": "cobblemonmegas:item/swampertite", "predicate": {"custom_model_data": 144}}, {"model": "cobblemonmegas:item/tyranitarite", "predicate": {"custom_model_data": 145}}, {"model": "cobblemonmegas:item/venusaurite", "predicate": {"custom_model_data": 146}}]}