{
  "portraitScale": 2,
  "portraitTranslation": [-0.42,2.06,0],
  "profileScale": 0.45,
  "profileTranslation": [0.01,1.12,0],
  "animations": {
    "cry": "q.bedrock_stateful('lopunny2', 'cry')"
  },
  "poses": {
    "battle-standing": {
      "poseTypes": [
        "STAND"
      ],
      "isBattle": true,
      "animations": [
        "q.look('head')",
        "q.bedrock('lopunny2', 'battle_idle')"
      ],
      "quirks": [
      "q.bedrock_quirk('lopunny2', 'blink')"
      ]
    },
    "standing": {
      "poseTypes": [
        "STAND",
        "NONE",
        "PORTRAIT",
        "PROFILE"
      ],
      "isBattle": false,
      "animations": [
        "q.look('head')",
        "q.bedrock('lopunny2', 'ground_idle')"
      ],
      "quirks": [
      "q.bedrock_quirk('lopunny2', 'blink')"
      ]
    },
    "walking": {
      "poseTypes": [
        "WALK"
      ],
      "animations": [
        "q.look('head')",
        "q.bedrock('lopunny2', 'ground_walk')"
      ],
      "quirks": [
      "q.bedrock_quirk('lopunny2', 'blink')"
      ]
    },
    "sleeping": {
      "poseTypes": [
        "SLEEP"
      ],
      "animations": [
        "q.bedrock('lopunny2', 'sleep')"
      ]
    }
  }
}